backend,model,mode,score,MAP,ACC_1,ACC_3,ACC_5,ACC_7,ACC_15,converged_fraction,max_marginal_l1,p95_marginal_l1,median_iterations,max_iterations,mean_weighted_taylor_gap,max_plan_relative_l2_vs_affine,max_plan_relative_l2_vs_fp64
CPU_FP64,affine_default,fixed_100,dual_score,0.6376984126984127,0.5714285714285714,0.5,0.42857142857142855,0.2857142857142857,0.14285714285714285,0.8973214285714286,0.004915237038015228,0.001475845326970664,100.0,100,0.007059022802538835,0.0,0.0
CPU_FP64,affine_default,fixed_100,spatial_score,0.5492445054945054,0.35714285714285715,0.35714285714285715,0.42857142857142855,0.35714285714285715,0.14285714285714285,0.8973214285714286,0.004915237038015228,0.001475845326970664,100.0,100,0.007059022802538835,0.0,0.0
CPU_FP64,affine_default,fixed_100,affine_score,0.6428952991452991,0.5714285714285714,0.5714285714285714,0.5,0.2857142857142857,0.14285714285714285,0.8973214285714286,0.004915237038015228,0.001475845326970664,100.0,100,0.007059022802538835,0.0,0.0
CPU_FP64,affine_default,fixed_200,dual_score,0.6376984126984127,0.5714285714285714,0.5,0.42857142857142855,0.2857142857142857,0.14285714285714285,1.0,0.00038977936689071034,0.000134452707217215,200.0,200,0.007058280892849811,0.0,0.0
CPU_FP64,affine_default,fixed_200,spatial_score,0.5492445054945054,0.35714285714285715,0.35714285714285715,0.42857142857142855,0.35714285714285715,0.14285714285714285,1.0,0.00038977936689071034,0.000134452707217215,200.0,200,0.007058280892849811,0.0,0.0
CPU_FP64,affine_default,fixed_200,affine_score,0.6428952991452991,0.5714285714285714,0.5714285714285714,0.5,0.2857142857142857,0.14285714285714285,1.0,0.00038977936689071034,0.000134452707217215,200.0,200,0.007058280892849811,0.0,0.0
CPU_FP64,affine_default,residual_stop,dual_score,0.6376984126984127,0.5714285714285714,0.5,0.42857142857142855,0.2857142857142857,0.14285714285714285,1.0,0.0009799287657111097,0.000850924036234918,100.0,200,0.007059231976944464,0.0,0.0
CPU_FP64,affine_default,residual_stop,spatial_score,0.5492445054945054,0.35714285714285715,0.35714285714285715,0.42857142857142855,0.35714285714285715,0.14285714285714285,1.0,0.0009799287657111097,0.000850924036234918,100.0,200,0.007059231976944464,0.0,0.0
CPU_FP64,affine_default,residual_stop,affine_score,0.6428952991452991,0.5714285714285714,0.5714285714285714,0.5,0.2857142857142857,0.14285714285714285,1.0,0.0009799287657111097,0.000850924036234918,100.0,200,0.007059231976944464,0.0,0.0
CPU_FP64,exact_relative_default,fixed_100,dual_score,0.6433531746031745,0.5714285714285714,0.5,0.42857142857142855,0.2857142857142857,0.14285714285714285,0.9017857142857143,0.004171847855040414,0.0013955573719172175,100.0,100,0.010046585229074948,0.1841002017510723,0.0
CPU_FP64,exact_relative_default,fixed_100,spatial_score,0.5485951548451548,0.35714285714285715,0.35714285714285715,0.42857142857142855,0.35714285714285715,0.14285714285714285,0.9017857142857143,0.004171847855040414,0.0013955573719172175,100.0,100,0.010046585229074948,0.1841002017510723,0.0
CPU_FP64,exact_relative_default,fixed_100,affine_score,0.6433531746031745,0.5714285714285714,0.5714285714285714,0.5,0.35714285714285715,0.14285714285714285,0.9017857142857143,0.004171847855040414,0.0013955573719172175,100.0,100,0.010046585229074948,0.1841002017510723,0.0
CPU_FP64,exact_relative_default,fixed_200,dual_score,0.6433531746031745,0.5714285714285714,0.5,0.42857142857142855,0.2857142857142857,0.14285714285714285,1.0,0.0003662507201808111,0.00013453390904791138,200.0,200,0.010045515901833887,0.18407584569554628,0.0
CPU_FP64,exact_relative_default,fixed_200,spatial_score,0.5485951548451548,0.35714285714285715,0.35714285714285715,0.42857142857142855,0.35714285714285715,0.14285714285714285,1.0,0.0003662507201808111,0.00013453390904791138,200.0,200,0.010045515901833887,0.18407584569554628,0.0
CPU_FP64,exact_relative_default,fixed_200,affine_score,0.6433531746031745,0.5714285714285714,0.5714285714285714,0.5,0.35714285714285715,0.14285714285714285,1.0,0.0003662507201808111,0.00013453390904791138,200.0,200,0.010045515901833887,0.18407584569554628,0.0
CPU_FP64,exact_relative_default,residual_stop,dual_score,0.6433531746031745,0.5714285714285714,0.5,0.42857142857142855,0.2857142857142857,0.14285714285714285,1.0,0.000985356935091426,0.0008703739430082622,100.0,200,0.010046737155267434,0.1841002017510723,0.0
CPU_FP64,exact_relative_default,residual_stop,spatial_score,0.5485951548451548,0.35714285714285715,0.35714285714285715,0.42857142857142855,0.35714285714285715,0.14285714285714285,1.0,0.000985356935091426,0.0008703739430082622,100.0,200,0.010046737155267434,0.1841002017510723,0.0
CPU_FP64,exact_relative_default,residual_stop,affine_score,0.6433531746031745,0.5714285714285714,0.5714285714285714,0.5,0.35714285714285715,0.14285714285714285,1.0,0.000985356935091426,0.0008703739430082622,100.0,200,0.010046737155267434,0.1841002017510723,0.0
CPU_FP64,exact_journal_default,fixed_100,dual_score,0.628517316017316,0.5,0.35714285714285715,0.2857142857142857,0.21428571428571427,0.14285714285714285,0.0,0.03572644364855514,0.02695532158669691,100.0,100,1.2306079858623714e-06,2.380530607882502,0.0
CPU_FP64,exact_journal_default,fixed_100,spatial_score,0.7728937728937729,0.7142857142857143,0.5714285714285714,0.42857142857142855,0.21428571428571427,0.14285714285714285,0.0,0.03572644364855514,0.02695532158669691,100.0,100,1.2306079858623714e-06,2.380530607882502,0.0
CPU_FP64,exact_journal_default,fixed_100,affine_score,0.7728937728937729,0.7142857142857143,0.5714285714285714,0.42857142857142855,0.21428571428571427,0.14285714285714285,0.0,0.03572644364855514,0.02695532158669691,100.0,100,1.2306079858623714e-06,2.380530607882502,0.0
CPU_FP64,exact_journal_default,fixed_200,dual_score,0.6097771276342705,0.42857142857142855,0.35714285714285715,0.2857142857142857,0.21428571428571427,0.14285714285714285,0.0,0.02309784814911692,0.01773813933997772,200.0,200,1.279634242141444e-06,2.39564449418742,0.0
CPU_FP64,exact_journal_default,fixed_200,spatial_score,0.7728937728937729,0.7142857142857143,0.5714285714285714,0.42857142857142855,0.21428571428571427,0.14285714285714285,0.0,0.02309784814911692,0.01773813933997772,200.0,200,1.279634242141444e-06,2.39564449418742,0.0
CPU_FP64,exact_journal_default,fixed_200,affine_score,0.7728937728937729,0.7142857142857143,0.5714285714285714,0.42857142857142855,0.21428571428571427,0.14285714285714285,0.0,0.02309784814911692,0.01773813933997772,200.0,200,1.279634242141444e-06,2.39564449418742,0.0
CPU_FP64,exact_journal_default,residual_stop,dual_score,0.6015571729857444,0.42857142857142855,0.2857142857142857,0.2857142857142857,0.21428571428571427,0.14285714285714285,1.0,0.000999860216175842,0.0009973492810680822,1775.0,3800,1.3506218351509836e-06,2.406414188438958,0.0
CPU_FP64,exact_journal_default,residual_stop,spatial_score,0.7728937728937729,0.7142857142857143,0.5714285714285714,0.5,0.21428571428571427,0.14285714285714285,1.0,0.000999860216175842,0.0009973492810680822,1775.0,3800,1.3506218351509836e-06,2.406414188438958,0.0
CPU_FP64,exact_journal_default,residual_stop,affine_score,0.7728937728937729,0.7142857142857143,0.5714285714285714,0.5,0.21428571428571427,0.14285714285714285,1.0,0.000999860216175842,0.0009973492810680822,1775.0,3800,1.3506218351509836e-06,2.406414188438958,0.0
CPU_FP64,affine_tuned,fixed_100,dual_score,0.7199288806431664,0.6428571428571429,0.5714285714285714,0.5,0.2857142857142857,0.14285714285714285,0.004464285714285714,0.021056598665743775,0.017311752901350723,100.0,100,3.2288586817737516e-05,0.0,0.0
CPU_FP64,affine_tuned,fixed_100,spatial_score,0.7261904761904762,0.6428571428571429,0.5714285714285714,0.5714285714285714,0.42857142857142855,0.14285714285714285,0.004464285714285714,0.021056598665743775,0.017311752901350723,100.0,100,3.2288586817737516e-05,0.0,0.0
CPU_FP64,affine_tuned,fixed_100,affine_score,0.715018315018315,0.6428571428571429,0.5,0.5,0.2857142857142857,0.14285714285714285,0.004464285714285714,0.021056598665743775,0.017311752901350723,100.0,100,3.2288586817737516e-05,0.0,0.0
CPU_FP64,affine_tuned,fixed_200,dual_score,0.720578231292517,0.6428571428571429,0.5714285714285714,0.5,0.2857142857142857,0.14285714285714285,0.24107142857142858,0.012851309831399281,0.0075767037718133924,200.0,200,3.28303117368927e-05,0.0,0.0
CPU_FP64,affine_tuned,fixed_200,spatial_score,0.7202380952380952,0.6428571428571429,0.5714285714285714,0.5714285714285714,0.42857142857142855,0.14285714285714285,0.24107142857142858,0.012851309831399281,0.0075767037718133924,200.0,200,3.28303117368927e-05,0.0,0.0
CPU_FP64,affine_tuned,fixed_200,affine_score,0.715018315018315,0.6428571428571429,0.5,0.5,0.2857142857142857,0.14285714285714285,0.24107142857142858,0.012851309831399281,0.0075767037718133924,200.0,200,3.28303117368927e-05,0.0,0.0
CPU_FP64,affine_tuned,residual_stop,dual_score,0.720578231292517,0.6428571428571429,0.5714285714285714,0.5,0.2857142857142857,0.14285714285714285,1.0,0.0009982951734334626,0.0009829848493214087,300.0,600,3.3021148059073697e-05,0.0,0.0
CPU_FP64,affine_tuned,residual_stop,spatial_score,0.7321428571428571,0.6428571428571429,0.5714285714285714,0.5714285714285714,0.42857142857142855,0.14285714285714285,1.0,0.0009982951734334626,0.0009829848493214087,300.0,600,3.3021148059073697e-05,0.0,0.0
CPU_FP64,affine_tuned,residual_stop,affine_score,0.7269230769230769,0.6428571428571429,0.5,0.5,0.2857142857142857,0.14285714285714285,1.0,0.0009982951734334626,0.0009829848493214087,300.0,600,3.3021148059073697e-05,0.0,0.0
CPU_FP64,exact_relative_tuned,fixed_100,dual_score,0.7199288806431664,0.6428571428571429,0.5714285714285714,0.5,0.2857142857142857,0.14285714285714285,0.004464285714285714,0.021052962984812167,0.017310326832111873,100.0,100,3.2471363565447084e-05,0.010406083585487594,0.0
CPU_FP64,exact_relative_tuned,fixed_100,spatial_score,0.7261904761904762,0.6428571428571429,0.5714285714285714,0.5714285714285714,0.42857142857142855,0.14285714285714285,0.004464285714285714,0.021052962984812167,0.017310326832111873,100.0,100,3.2471363565447084e-05,0.010406083585487594,0.0
CPU_FP64,exact_relative_tuned,fixed_100,affine_score,0.715018315018315,0.6428571428571429,0.5,0.5,0.2857142857142857,0.14285714285714285,0.004464285714285714,0.021052962984812167,0.017310326832111873,100.0,100,3.2471363565447084e-05,0.010406083585487594,0.0
CPU_FP64,exact_relative_tuned,fixed_200,dual_score,0.720578231292517,0.6428571428571429,0.5714285714285714,0.5,0.2857142857142857,0.14285714285714285,0.24107142857142858,0.012847805118425041,0.007573978639234457,200.0,200,3.300663103560472e-05,0.010444048451227888,0.0
CPU_FP64,exact_relative_tuned,fixed_200,spatial_score,0.7202380952380952,0.6428571428571429,0.5714285714285714,0.5714285714285714,0.42857142857142855,0.14285714285714285,0.24107142857142858,0.012847805118425041,0.007573978639234457,200.0,200,3.300663103560472e-05,0.010444048451227888,0.0
CPU_FP64,exact_relative_tuned,fixed_200,affine_score,0.715018315018315,0.6428571428571429,0.5,0.5,0.2857142857142857,0.14285714285714285,0.24107142857142858,0.012847805118425041,0.007573978639234457,200.0,200,3.300663103560472e-05,0.010444048451227888,0.0
CPU_FP64,exact_relative_tuned,residual_stop,dual_score,0.720578231292517,0.6428571428571429,0.5714285714285714,0.5,0.2857142857142857,0.14285714285714285,1.0,0.0009993174650036645,0.0009825302142956406,300.0,600,3.319598128515059e-05,0.01040487043276836,0.0
CPU_FP64,exact_relative_tuned,residual_stop,spatial_score,0.7321428571428571,0.6428571428571429,0.5714285714285714,0.5714285714285714,0.42857142857142855,0.14285714285714285,1.0,0.0009993174650036645,0.0009825302142956406,300.0,600,3.319598128515059e-05,0.01040487043276836,0.0
CPU_FP64,exact_relative_tuned,residual_stop,affine_score,0.7269230769230769,0.6428571428571429,0.5,0.5,0.2857142857142857,0.14285714285714285,1.0,0.0009993174650036645,0.0009825302142956406,300.0,600,3.319598128515059e-05,0.01040487043276836,0.0
CPU_FP64,exact_journal_tuned,fixed_100,dual_score,0.5095006184291898,0.42857142857142855,0.2857142857142857,0.14285714285714285,0.14285714285714285,0.14285714285714285,1.0,2.0122792321330962e-15,1.7312540290248535e-15,100.0,100,2.969553824840707e-44,2.524889842319012,0.0
CPU_FP64,exact_journal_tuned,fixed_100,spatial_score,0.5095006184291898,0.42857142857142855,0.2857142857142857,0.14285714285714285,0.14285714285714285,0.14285714285714285,1.0,2.0122792321330962e-15,1.7312540290248535e-15,100.0,100,2.969553824840707e-44,2.524889842319012,0.0
CPU_FP64,exact_journal_tuned,fixed_100,affine_score,0.5095006184291898,0.42857142857142855,0.2857142857142857,0.14285714285714285,0.14285714285714285,0.14285714285714285,1.0,2.0122792321330962e-15,1.7312540290248535e-15,100.0,100,2.969553824840707e-44,2.524889842319012,0.0
CPU_FP64,exact_journal_tuned,fixed_200,dual_score,0.5095006184291898,0.42857142857142855,0.2857142857142857,0.14285714285714285,0.14285714285714285,0.14285714285714285,1.0,2.0122792321330962e-15,1.7312540290248535e-15,200.0,200,2.969553824840707e-44,2.520312105458912,0.0
CPU_FP64,exact_journal_tuned,fixed_200,spatial_score,0.5095006184291898,0.42857142857142855,0.2857142857142857,0.14285714285714285,0.14285714285714285,0.14285714285714285,1.0,2.0122792321330962e-15,1.7312540290248535e-15,200.0,200,2.969553824840707e-44,2.520312105458912,0.0
CPU_FP64,exact_journal_tuned,fixed_200,affine_score,0.5095006184291898,0.42857142857142855,0.2857142857142857,0.14285714285714285,0.14285714285714285,0.14285714285714285,1.0,2.0122792321330962e-15,1.7312540290248535e-15,200.0,200,2.969553824840707e-44,2.520312105458912,0.0
CPU_FP64,exact_journal_tuned,residual_stop,dual_score,0.5095006184291898,0.42857142857142855,0.2857142857142857,0.14285714285714285,0.14285714285714285,0.14285714285714285,1.0,2.0122792321330962e-15,1.7312540290248535e-15,50.0,50,2.969553824840707e-44,2.5188187341860804,0.0
CPU_FP64,exact_journal_tuned,residual_stop,spatial_score,0.5095006184291898,0.42857142857142855,0.2857142857142857,0.14285714285714285,0.14285714285714285,0.14285714285714285,1.0,2.0122792321330962e-15,1.7312540290248535e-15,50.0,50,2.969553824840707e-44,2.5188187341860804,0.0
CPU_FP64,exact_journal_tuned,residual_stop,affine_score,0.5095006184291898,0.42857142857142855,0.2857142857142857,0.14285714285714285,0.14285714285714285,0.14285714285714285,1.0,2.0122792321330962e-15,1.7312540290248535e-15,50.0,50,2.969553824840707e-44,2.5188187341860804,0.0
