seed,profile,mode,metric,candidate,parameters,score,ACC1,MAP,infeasible_pairs,max_marginal_l1,median_iterations,max_iterations,matrix_sha256
20261006,preset,residual_stop,flash-opw,0,"{""cost_scale"": 1.0, ""lambda1"": 1.0, ""lambda2"": 0.1, ""sigma"": 1.0}",main Eq19: a.f + b.g - lambda2 + q0,0.6428571428571429,0.647555077024062,0,0.0009994781576097012,100.0,200,f34e4704294b4a114a42dd5ba6cc4594e01310114ec5e96d5bd3ac1277b7c801
20261006,preset,residual_stop,opw,0,"{""cost_scale"": 1.0, ""lambda1"": 1.0, ""lambda2"": 0.1, ""sigma"": 1.0}","journal Eq13: <P,D>",0.8928571428571429,0.818236252834467,0,0.0009999237954616547,1650.0,3800,0a91e474ea3d5f17c8ce54d31ffe1655f1f23abcae89198ed8147c50a9446942
20261006,selected,residual_stop,flash-opw,1,"{""cost_scale"": 1.0, ""lambda1"": 1.0, ""lambda2"": 0.1, ""sigma"": 0.031943828249996996}",main Eq19: a.f + b.g - lambda2 + q0,0.9285714285714286,0.8094295788490834,0,0.0009994828142225742,350.0,600,6f17e85ea4aa450013721169a6f34437a543f42e617c11229de9249d86b4fa0b
20261006,selected,residual_stop,opw,5,"{""cost_scale"": 1.0, ""lambda1"": 1.0, ""lambda2"": 0.3, ""sigma"": 5.0}","journal Eq13: <P,D>",0.8571428571428571,0.7737122143543408,0,0.000996024813503027,125.0,200,ef78489d83bb860c730196cf744b693a33173ef0284f34e1d030ed249970cfc4
20261007,preset,residual_stop,flash-opw,0,"{""cost_scale"": 1.0, ""lambda1"": 1.0, ""lambda2"": 0.1, ""sigma"": 1.0}",main Eq19: a.f + b.g - lambda2 + q0,0.5714285714285714,0.5658463229891801,0,0.0009976602159440517,100.0,200,926a3f42612c7abeed539a636928246ba87fd9609c31c01013df436090fc8129
20261007,preset,residual_stop,opw,0,"{""cost_scale"": 1.0, ""lambda1"": 1.0, ""lambda2"": 0.1, ""sigma"": 1.0}","journal Eq13: <P,D>",0.6428571428571429,0.6572086313157742,0,0.000999953132122755,1650.0,4000,3babe452288f9b740ebd6f8223bdfe0624ee94a3eaacd276262261c8375e86fb
20261007,selected,residual_stop,flash-opw,1,"{""cost_scale"": 1.0, ""lambda1"": 1.0, ""lambda2"": 0.1, ""sigma"": 0.031943828249996996}",main Eq19: a.f + b.g - lambda2 + q0,0.6428571428571429,0.6648178191245417,0,0.0009992634877562523,350.0,650,bd8c4a586ff786292d3570896a5f8edea0a587c379bad9979bd0a3c3fa25a6eb
20261007,selected,residual_stop,opw,5,"{""cost_scale"": 1.0, ""lambda1"": 1.0, ""lambda2"": 0.3, ""sigma"": 5.0}","journal Eq13: <P,D>",0.6071428571428571,0.624431388717103,0,0.000997114460915327,150.0,200,ea13fa43ad3c61c89611c90a18542520bfd82d2e37b4b1904a975d2bcf5929ee
20261008,preset,residual_stop,flash-opw,0,"{""cost_scale"": 1.0, ""lambda1"": 1.0, ""lambda2"": 0.1, ""sigma"": 1.0}",main Eq19: a.f + b.g - lambda2 + q0,0.5357142857142857,0.5405096199910321,0,0.000999517273157835,100.0,250,2d04285dadd8adfe3795c1ffbbc2525dbb0da7688a9f773a4d60dd206b84455c
20261008,preset,residual_stop,opw,0,"{""cost_scale"": 1.0, ""lambda1"": 1.0, ""lambda2"": 0.1, ""sigma"": 1.0}","journal Eq13: <P,D>",0.7857142857142857,0.711518440136861,1,0.0010478561744093895,1550.0,4000,96764364e1c490af723ce93a8d43e6a0a85e94f657c8942e5cd9499023dba83a
20261008,selected,residual_stop,flash-opw,1,"{""cost_scale"": 1.0, ""lambda1"": 1.0, ""lambda2"": 0.1, ""sigma"": 0.031943828249996996}",main Eq19: a.f + b.g - lambda2 + q0,0.8214285714285714,0.7578879764804134,0,0.000999037642031908,350.0,650,cef35c80abc787738912932a8acfb0ac6385f302bee8991af83032c9bcdb8def
20261008,selected,residual_stop,opw,5,"{""cost_scale"": 1.0, ""lambda1"": 1.0, ""lambda2"": 0.3, ""sigma"": 5.0}","journal Eq13: <P,D>",0.8214285714285714,0.7437553663656604,0,0.0009998786263167858,150.0,200,4968a9230ff278062723baa5d692f1e0adc56d1dbe95a5e54f6ce35223d23649
