metric,candidate,mean_ACC1,sd_ACC1,mean_MAP,sd_MAP,capped_pairs,eligible,max_marginal_l1,seconds,parameters
flash-opw,0,0.5833333333333334,0.05455447255899813,0.5846370066680914,0.055941932507674784,0,True,0.000999517273157835,31.340476813726127,"{'lambda1': 1.0, 'lambda2': 0.1, 'sigma': 1.0, 'cost_scale': 1.0}"
flash-opw,1,0.7976190476190478,0.14433756729740643,0.744045124818013,0.07329296466419925,0,True,0.0009994828142225742,82.94407377811149,"{'lambda1': 1.0, 'lambda2': 0.1, 'sigma': 0.031943828249996996, 'cost_scale': 1.0}"
flash-opw,2,0.6904761904761906,0.07434521426664763,0.6689894510060733,0.043645231377639454,0,True,0.0009942823089659214,18.814544866327196,"{'lambda1': 1.0, 'lambda2': 0.3, 'sigma': 0.12909944487358055, 'cost_scale': 1.0}"
flash-opw,3,0.7976190476190476,0.13521210347143506,0.7317926516665091,0.06997293767647503,0,True,0.0009985985234379768,34.29434720729478,"{'lambda1': 1.0, 'lambda2': 0.3, 'sigma': 0.055328333517248814, 'cost_scale': 1.0}"
flash-opw,4,0.7738095238095237,0.11480536620229703,0.7244168570957008,0.07393894887773891,0,True,0.000999783631414175,100.50112077989615,"{'lambda1': 1.0, 'lambda2': 0.03, 'sigma': 0.0408248290463863, 'cost_scale': 1.0}"
flash-opw,5,0.7738095238095237,0.14869042853329525,0.7156200657241863,0.07669796267569852,0,True,0.0009999759495258331,220.46597262192518,"{'lambda1': 1.0, 'lambda2': 0.1, 'sigma': 0.015851065623706036, 'cost_scale': 1.0}"
dtw,0,0.6785714285714285,0.07142857142857145,0.6568792899611213,0.07305054175233276,0,True,0.0,0.517528017051518,{'cost_scale': 1.0}
ldtw,0,0.6785714285714285,0.07142857142857145,0.6568792899611213,0.07305054175233276,0,True,0.0,0.36138597317039967,{'cost_scale': 1.0}
ndtw,0,0.6428571428571428,0.06185895741317423,0.6132065069756184,0.06823918597391883,0,True,0.0,0.3653830580879003,{'cost_scale': 1.0}
soft-dtw,0,0.7261904761904763,0.07434521426664757,0.6910641507188441,0.07646389803677946,0,True,0.0,2.3544633383862674,"{'soft_dtw_gamma': 0.1, 'cost_scale': 1.0}"
soft-dtw,1,0.6785714285714285,0.07142857142857145,0.6621143623601514,0.07374673165113219,0,True,0.0,2.2234697819221765,"{'soft_dtw_gamma': 0.03, 'cost_scale': 1.0}"
soft-dtw,2,0.7261904761904762,0.10910894511799621,0.708607990182691,0.06887709019113984,0,True,0.0,2.312346156919375,"{'soft_dtw_gamma': 0.3, 'cost_scale': 1.0}"
soft-dtw,3,0.6785714285714285,0.07142857142857145,0.6571107714426029,0.0729373519073527,0,True,0.0,2.2581574730575085,"{'soft_dtw_gamma': 0.01, 'cost_scale': 1.0}"
soft-dtw,4,0.7857142857142857,0.0714285714285714,0.7295553002413905,0.05694683454537423,0,True,0.0,2.2535836750175804,"{'soft_dtw_gamma': 1.0, 'cost_scale': 1.0}"
soft-dtw,5,0.6785714285714285,0.07142857142857145,0.6568792899611213,0.07305054175233276,0,True,0.0,2.486131981248036,"{'soft_dtw_gamma': 0.003, 'cost_scale': 1.0}"
ot,0,0.4166666666666667,0.04123930494211614,0.47484134612179907,0.0346440550391444,0,True,0.0,370.3951323500369,{'cost_scale': 1.0}
sinkhorn,0,0.39285714285714285,0.0357142857142857,0.4752650626169441,0.030192280035520564,0,True,0.0009998292662203312,6.466256262967363,"{'epsilon': 0.1, 'cost_scale': 1.0}"
sinkhorn,1,0.39285714285714285,0.0357142857142857,0.46913891363365234,0.03947403188561033,0,True,0.0009997994638979435,16.863496016710997,"{'epsilon': 0.03, 'cost_scale': 1.0}"
sinkhorn,2,0.3452380952380952,0.054554472558998104,0.4437095467983811,0.05435059278513035,0,True,0.0009675445035099983,2.179641801165417,"{'epsilon': 0.3, 'cost_scale': 1.0}"
sinkhorn,3,0.4166666666666667,0.020619652471058052,0.47267770288672734,0.041365670376558236,0,True,0.0009999768808484077,42.78951687295921,"{'epsilon': 0.01, 'cost_scale': 1.0}"
sinkhorn,4,0.2738095238095238,0.04123930494211614,0.40347173316701923,0.023749464325110412,0,True,0.00032750703394412994,2.598291884176433,"{'epsilon': 1.0, 'cost_scale': 1.0}"
sinkhorn,5,0.4166666666666667,0.04123930494211614,0.4738020415110659,0.03532318871713829,1,False,0.0014773770235478878,119.01581024588086,"{'epsilon': 0.003, 'cost_scale': 1.0}"
tlp,0,0.8095238095238096,0.12542444943872308,0.7512964078867729,0.08109224175761988,0,True,0.0009998921304941177,21.5268026671838,"{'tlp_weight': 50.0, 'epsilon': 0.1, 'cost_scale': 1.0}"
tlp,1,0.6071428571428572,0.10714285714285715,0.6053782361818075,0.06229723696664529,0,True,0.0009995871223509312,6.3536751489154994,"{'tlp_weight': 1.05, 'epsilon': 0.1, 'cost_scale': 1.0}"
tlp,2,0.7619047619047619,0.13521210347143509,0.7180050137422388,0.07608727351087995,0,True,0.0009941989555954933,3.143910832935944,"{'tlp_weight': 10.0, 'epsilon': 0.3, 'cost_scale': 1.0}"
tlp,3,0.7976190476190478,0.14433756729740643,0.7472558319043978,0.08037128377279415,0,True,0.0009986241348087788,7.899175729136914,"{'tlp_weight': 50.0, 'epsilon': 0.3, 'cost_scale': 1.0}"
tlp,4,0.7738095238095237,0.11480536620229703,0.727287342896859,0.07336082280253634,0,True,0.0009999154135584831,26.64332465059124,"{'tlp_weight': 10.0, 'epsilon': 0.03, 'cost_scale': 1.0}"
tlp,5,0.7857142857142856,0.16366341767699433,0.7205612827772047,0.08980242837620772,0,True,0.000999960582703352,66.26026718504727,"{'tlp_weight': 200.0, 'epsilon': 0.1, 'cost_scale': 1.0}"
opw-kl,0,0.7738095238095238,0.12542444943872308,0.7289877747623675,0.08192287203330507,1,False,0.0010437560267746449,126.17803822364658,"{'lambda1': 0.0, 'lambda2': 0.1, 'sigma': 1.0, 'cost_scale': 1.0}"
opw-kl,1,0.75,0.15567496226930977,0.7159920451962597,0.0880346379625131,0,True,0.0009998506866395473,21.744291869923472,"{'lambda1': 0.0, 'lambda2': 0.1, 'sigma': 3.0, 'cost_scale': 1.0}"
opw-kl,2,0.7261904761904762,0.10910894511799621,0.677884043374512,0.07524736296861799,0,True,0.0009999372996389866,102.91458666394465,"{'lambda1': 0.0, 'lambda2': 0.3, 'sigma': 1.0, 'cost_scale': 1.0}"
opw-kl,3,0.5952380952380952,0.08987898137227084,0.5882140288972587,0.07337103911922746,0,True,0.000999912153929472,21.06681010988541,"{'lambda1': 0.0, 'lambda2': 0.03, 'sigma': 5.0, 'cost_scale': 1.0}"
opw-kl,4,0.7619047619047619,0.13521210347143509,0.7137620747796882,0.07876348245563938,0,True,0.0009995894506573677,8.078089010668918,"{'lambda1': 0.0, 'lambda2': 0.3, 'sigma': 5.0, 'cost_scale': 1.0}"
opw-kl,5,0.6785714285714285,0.09449111825230683,0.6805640226100342,0.06004944024763374,0,True,0.0009982213377952576,11.003387527074665,"{'lambda1': 0.0, 'lambda2': 0.1, 'sigma': 5.0, 'cost_scale': 1.0}"
tcot,0,0.35714285714285715,0.06185895741317416,0.4492231889817726,0.04824531654312571,0,True,0.000455670990049839,2.5927265314385295,"{'tcot_lambda': 1.0, 'cost_scale': 1.0}"
tcot,1,0.4404761904761905,0.04123930494211614,0.4975044882335627,0.04393698484296118,0,True,0.0009979442693293095,6.811210561776534,"{'tcot_lambda': 10.0, 'cost_scale': 1.0}"
tcot,2,0.047619047619047616,0.05455447255899809,0.16451651709159085,0.027790520815567127,0,True,5.568657070398331e-05,2.847348814131692,"{'tcot_lambda': 0.1, 'cost_scale': 1.0}"
tcot,3,0.46428571428571425,0.0944911182523068,0.49579993023219265,0.05957124740624422,0,True,0.0009881677106022835,2.5277426291722804,"{'tcot_lambda': 3.0, 'cost_scale': 1.0}"
tcot,4,0.2261904761904762,0.054554472558998084,0.32709443125892856,0.004829061494681912,0,True,0.00031488481909036636,2.379559899214655,"{'tcot_lambda': 0.3, 'cost_scale': 1.0}"
tcot,5,0.44047619047619047,0.07434521426664759,0.4940992145079109,0.04342091229276454,0,True,0.0009987279772758484,17.95692260400392,"{'tcot_lambda': 30.0, 'cost_scale': 1.0}"
opw,0,0.7738095238095238,0.12542444943872308,0.7289877747623675,0.08192287203330507,1,False,0.0010478561744093895,123.50461971014738,"{'lambda1': 1.0, 'lambda2': 0.1, 'sigma': 1.0, 'cost_scale': 1.0}"
opw,1,0.75,0.15567496226930977,0.7149742138212855,0.08693034859184415,0,True,0.0009998087771236897,22.999081684742123,"{'lambda1': 1.0, 'lambda2': 0.1, 'sigma': 3.0, 'cost_scale': 1.0}"
opw,2,0.7261904761904762,0.10910894511799621,0.677884043374512,0.07524736296861799,0,True,0.0009999964386224747,107.14853127812967,"{'lambda1': 0.1, 'lambda2': 0.3, 'sigma': 1.0, 'cost_scale': 1.0}"
opw,3,0.7380952380952381,0.14433756729740646,0.7148867495068475,0.07562194022042681,0,True,0.000999758020043373,25.607266985811293,"{'lambda1': 10.0, 'lambda2': 0.1, 'sigma': 3.0, 'cost_scale': 1.0}"
opw,4,0.75,0.12371791482634838,0.7145321561059435,0.055849819698271005,0,True,0.000999966636300087,78.62399253901094,"{'lambda1': 50.0, 'lambda2': 0.03, 'sigma': 5.0, 'cost_scale': 1.0}"
opw,5,0.7619047619047619,0.13521210347143509,0.7139663231457014,0.07897297985833057,0,True,0.0009998786263167858,8.249608528800309,"{'lambda1': 1.0, 'lambda2': 0.3, 'sigma': 5.0, 'cost_scale': 1.0}"
