profile,metric,candidate,k,ACC,MAP,gallery,queries,queries_without_relevant_gallery,entropic,unconverged_pairs,max_marginal_l1,median_iterations,max_iterations,backend,solve_wall_seconds,parameters
selected,flash-opw,1,1,0.922439024390244,0.6994565443839061,200,2050,0,True,5,0.001000022515654564,300.0,1050,Flash IEEE FP32,15917.408627378987,"{""cost_scale"": 1.0, ""lambda1"": 1.0, ""lambda2"": 0.1, ""sigma"": 0.031943828249996996}"
selected,flash-opw,1,3,0.922439024390244,0.6994565443839061,200,2050,0,True,5,0.001000022515654564,300.0,1050,Flash IEEE FP32,15917.408627378987,"{""cost_scale"": 1.0, ""lambda1"": 1.0, ""lambda2"": 0.1, ""sigma"": 0.031943828249996996}"
selected,flash-opw,1,5,0.9131707317073171,0.6994565443839061,200,2050,0,True,5,0.001000022515654564,300.0,1050,Flash IEEE FP32,15917.408627378987,"{""cost_scale"": 1.0, ""lambda1"": 1.0, ""lambda2"": 0.1, ""sigma"": 0.031943828249996996}"
selected,flash-opw,1,7,0.9053658536585366,0.6994565443839061,200,2050,0,True,5,0.001000022515654564,300.0,1050,Flash IEEE FP32,15917.408627378987,"{""cost_scale"": 1.0, ""lambda1"": 1.0, ""lambda2"": 0.1, ""sigma"": 0.031943828249996996}"
selected,flash-opw,1,15,0.8590243902439024,0.6994565443839061,200,2050,0,True,5,0.001000022515654564,300.0,1050,Flash IEEE FP32,15917.408627378987,"{""cost_scale"": 1.0, ""lambda1"": 1.0, ""lambda2"": 0.1, ""sigma"": 0.031943828249996996}"
selected,flash-opw,1,30,0.6917073170731707,0.6994565443839061,200,2050,0,True,5,0.001000022515654564,300.0,1050,Flash IEEE FP32,15917.408627378987,"{""cost_scale"": 1.0, ""lambda1"": 1.0, ""lambda2"": 0.1, ""sigma"": 0.031943828249996996}"
selected,opw,5,1,0.8970731707317073,0.6657641219289736,200,2050,0,True,0,0.0009999941103160381,100.0,250,dense FP32,1635.575654688757,"{""cost_scale"": 1.0, ""lambda1"": 1.0, ""lambda2"": 0.3, ""sigma"": 5.0}"
selected,opw,5,3,0.8980487804878049,0.6657641219289736,200,2050,0,True,0,0.0009999941103160381,100.0,250,dense FP32,1635.575654688757,"{""cost_scale"": 1.0, ""lambda1"": 1.0, ""lambda2"": 0.3, ""sigma"": 5.0}"
selected,opw,5,5,0.8975609756097561,0.6657641219289736,200,2050,0,True,0,0.0009999941103160381,100.0,250,dense FP32,1635.575654688757,"{""cost_scale"": 1.0, ""lambda1"": 1.0, ""lambda2"": 0.3, ""sigma"": 5.0}"
selected,opw,5,7,0.8814634146341463,0.6657641219289736,200,2050,0,True,0,0.0009999941103160381,100.0,250,dense FP32,1635.575654688757,"{""cost_scale"": 1.0, ""lambda1"": 1.0, ""lambda2"": 0.3, ""sigma"": 5.0}"
selected,opw,5,15,0.8360975609756097,0.6657641219289736,200,2050,0,True,0,0.0009999941103160381,100.0,250,dense FP32,1635.575654688757,"{""cost_scale"": 1.0, ""lambda1"": 1.0, ""lambda2"": 0.3, ""sigma"": 5.0}"
selected,opw,5,30,0.6380487804878049,0.6657641219289736,200,2050,0,True,0,0.0009999941103160381,100.0,250,dense FP32,1635.575654688757,"{""cost_scale"": 1.0, ""lambda1"": 1.0, ""lambda2"": 0.3, ""sigma"": 5.0}"
selected,tlp,0,1,0.9234146341463415,0.7043191282772597,200,2050,0,True,0,0.0009999992325901985,300.0,1050,dense FP32,4648.235406212276,"{""cost_scale"": 1.0, ""epsilon"": 0.1, ""tlp_weight"": 50.0}"
selected,tlp,0,3,0.9263414634146342,0.7043191282772597,200,2050,0,True,0,0.0009999992325901985,300.0,1050,dense FP32,4648.235406212276,"{""cost_scale"": 1.0, ""epsilon"": 0.1, ""tlp_weight"": 50.0}"
selected,tlp,0,5,0.9141463414634147,0.7043191282772597,200,2050,0,True,0,0.0009999992325901985,300.0,1050,dense FP32,4648.235406212276,"{""cost_scale"": 1.0, ""epsilon"": 0.1, ""tlp_weight"": 50.0}"
selected,tlp,0,7,0.9092682926829269,0.7043191282772597,200,2050,0,True,0,0.0009999992325901985,300.0,1050,dense FP32,4648.235406212276,"{""cost_scale"": 1.0, ""epsilon"": 0.1, ""tlp_weight"": 50.0}"
selected,tlp,0,15,0.8682926829268293,0.7043191282772597,200,2050,0,True,0,0.0009999992325901985,300.0,1050,dense FP32,4648.235406212276,"{""cost_scale"": 1.0, ""epsilon"": 0.1, ""tlp_weight"": 50.0}"
selected,tlp,0,30,0.7009756097560975,0.7043191282772597,200,2050,0,True,0,0.0009999992325901985,300.0,1050,dense FP32,4648.235406212276,"{""cost_scale"": 1.0, ""epsilon"": 0.1, ""tlp_weight"": 50.0}"
preset,tlp,0,1,0.9234146341463415,0.7043191282772597,200,2050,0,True,0,0.0009999992325901985,300.0,1050,dense FP32,4648.235406212276,"{""cost_scale"": 1.0, ""epsilon"": 0.1, ""tlp_weight"": 50.0}"
preset,tlp,0,3,0.9263414634146342,0.7043191282772597,200,2050,0,True,0,0.0009999992325901985,300.0,1050,dense FP32,4648.235406212276,"{""cost_scale"": 1.0, ""epsilon"": 0.1, ""tlp_weight"": 50.0}"
preset,tlp,0,5,0.9141463414634147,0.7043191282772597,200,2050,0,True,0,0.0009999992325901985,300.0,1050,dense FP32,4648.235406212276,"{""cost_scale"": 1.0, ""epsilon"": 0.1, ""tlp_weight"": 50.0}"
preset,tlp,0,7,0.9092682926829269,0.7043191282772597,200,2050,0,True,0,0.0009999992325901985,300.0,1050,dense FP32,4648.235406212276,"{""cost_scale"": 1.0, ""epsilon"": 0.1, ""tlp_weight"": 50.0}"
preset,tlp,0,15,0.8682926829268293,0.7043191282772597,200,2050,0,True,0,0.0009999992325901985,300.0,1050,dense FP32,4648.235406212276,"{""cost_scale"": 1.0, ""epsilon"": 0.1, ""tlp_weight"": 50.0}"
preset,tlp,0,30,0.7009756097560975,0.7043191282772597,200,2050,0,True,0,0.0009999992325901985,300.0,1050,dense FP32,4648.235406212276,"{""cost_scale"": 1.0, ""epsilon"": 0.1, ""tlp_weight"": 50.0}"
selected,opw-kl,4,1,0.8965853658536586,0.6650332566941948,200,2050,0,True,0,0.0009999996982514858,100.0,250,dense FP32,2021.724950563861,"{""cost_scale"": 1.0, ""lambda1"": 0.0, ""lambda2"": 0.3, ""sigma"": 5.0}"
selected,opw-kl,4,3,0.8965853658536586,0.6650332566941948,200,2050,0,True,0,0.0009999996982514858,100.0,250,dense FP32,2021.724950563861,"{""cost_scale"": 1.0, ""lambda1"": 0.0, ""lambda2"": 0.3, ""sigma"": 5.0}"
selected,opw-kl,4,5,0.8960975609756098,0.6650332566941948,200,2050,0,True,0,0.0009999996982514858,100.0,250,dense FP32,2021.724950563861,"{""cost_scale"": 1.0, ""lambda1"": 0.0, ""lambda2"": 0.3, ""sigma"": 5.0}"
selected,opw-kl,4,7,0.8809756097560976,0.6650332566941948,200,2050,0,True,0,0.0009999996982514858,100.0,250,dense FP32,2021.724950563861,"{""cost_scale"": 1.0, ""lambda1"": 0.0, ""lambda2"": 0.3, ""sigma"": 5.0}"
selected,opw-kl,4,15,0.8375609756097561,0.6650332566941948,200,2050,0,True,0,0.0009999996982514858,100.0,250,dense FP32,2021.724950563861,"{""cost_scale"": 1.0, ""lambda1"": 0.0, ""lambda2"": 0.3, ""sigma"": 5.0}"
selected,opw-kl,4,30,0.6385365853658537,0.6650332566941948,200,2050,0,True,0,0.0009999996982514858,100.0,250,dense FP32,2021.724950563861,"{""cost_scale"": 1.0, ""lambda1"": 0.0, ""lambda2"": 0.3, ""sigma"": 5.0}"
selected,sinkhorn,3,1,0.6073170731707317,0.4230684109221923,200,2050,0,True,0,0.0009999996982514858,700.0,1950,dense FP32,8978.852925556945,"{""cost_scale"": 1.0, ""epsilon"": 0.01}"
selected,sinkhorn,3,3,0.6141463414634146,0.4230684109221923,200,2050,0,True,0,0.0009999996982514858,700.0,1950,dense FP32,8978.852925556945,"{""cost_scale"": 1.0, ""epsilon"": 0.01}"
selected,sinkhorn,3,5,0.6214634146341463,0.4230684109221923,200,2050,0,True,0,0.0009999996982514858,700.0,1950,dense FP32,8978.852925556945,"{""cost_scale"": 1.0, ""epsilon"": 0.01}"
selected,sinkhorn,3,7,0.62,0.4230684109221923,200,2050,0,True,0,0.0009999996982514858,700.0,1950,dense FP32,8978.852925556945,"{""cost_scale"": 1.0, ""epsilon"": 0.01}"
selected,sinkhorn,3,15,0.5692682926829268,0.4230684109221923,200,2050,0,True,0,0.0009999996982514858,700.0,1950,dense FP32,8978.852925556945,"{""cost_scale"": 1.0, ""epsilon"": 0.01}"
selected,sinkhorn,3,30,0.4921951219512195,0.4230684109221923,200,2050,0,True,0,0.0009999996982514858,700.0,1950,dense FP32,8978.852925556945,"{""cost_scale"": 1.0, ""epsilon"": 0.01}"
selected,tcot,3,1,0.6395121951219512,0.45470386649393996,200,2050,0,True,0,0.0009999917820096016,50.0,150,dense FP32,538.0642818890046,"{""cost_scale"": 1.0, ""tcot_lambda"": 3.0}"
selected,tcot,3,3,0.655609756097561,0.45470386649393996,200,2050,0,True,0,0.0009999917820096016,50.0,150,dense FP32,538.0642818890046,"{""cost_scale"": 1.0, ""tcot_lambda"": 3.0}"
selected,tcot,3,5,0.6526829268292683,0.45470386649393996,200,2050,0,True,0,0.0009999917820096016,50.0,150,dense FP32,538.0642818890046,"{""cost_scale"": 1.0, ""tcot_lambda"": 3.0}"
selected,tcot,3,7,0.6395121951219512,0.45470386649393996,200,2050,0,True,0,0.0009999917820096016,50.0,150,dense FP32,538.0642818890046,"{""cost_scale"": 1.0, ""tcot_lambda"": 3.0}"
selected,tcot,3,15,0.5882926829268292,0.45470386649393996,200,2050,0,True,0,0.0009999917820096016,50.0,150,dense FP32,538.0642818890046,"{""cost_scale"": 1.0, ""tcot_lambda"": 3.0}"
selected,tcot,3,30,0.4951219512195122,0.45470386649393996,200,2050,0,True,0,0.0009999917820096016,50.0,150,dense FP32,538.0642818890046,"{""cost_scale"": 1.0, ""tcot_lambda"": 3.0}"
selected,dtw,0,1,0.9048780487804878,0.6216379664975331,200,2050,0,False,0,,,,CPU FP64,55.39493389823474,"{""cost_scale"": 1.0}"
selected,dtw,0,3,0.8951219512195122,0.6216379664975331,200,2050,0,False,0,,,,CPU FP64,55.39493389823474,"{""cost_scale"": 1.0}"
selected,dtw,0,5,0.8760975609756098,0.6216379664975331,200,2050,0,False,0,,,,CPU FP64,55.39493389823474,"{""cost_scale"": 1.0}"
selected,dtw,0,7,0.8624390243902439,0.6216379664975331,200,2050,0,False,0,,,,CPU FP64,55.39493389823474,"{""cost_scale"": 1.0}"
selected,dtw,0,15,0.8029268292682927,0.6216379664975331,200,2050,0,False,0,,,,CPU FP64,55.39493389823474,"{""cost_scale"": 1.0}"
selected,dtw,0,30,0.6619512195121952,0.6216379664975331,200,2050,0,False,0,,,,CPU FP64,55.39493389823474,"{""cost_scale"": 1.0}"
preset,dtw,0,1,0.9048780487804878,0.6216379664975331,200,2050,0,False,0,,,,CPU FP64,55.39493389823474,"{""cost_scale"": 1.0}"
preset,dtw,0,3,0.8951219512195122,0.6216379664975331,200,2050,0,False,0,,,,CPU FP64,55.39493389823474,"{""cost_scale"": 1.0}"
preset,dtw,0,5,0.8760975609756098,0.6216379664975331,200,2050,0,False,0,,,,CPU FP64,55.39493389823474,"{""cost_scale"": 1.0}"
preset,dtw,0,7,0.8624390243902439,0.6216379664975331,200,2050,0,False,0,,,,CPU FP64,55.39493389823474,"{""cost_scale"": 1.0}"
preset,dtw,0,15,0.8029268292682927,0.6216379664975331,200,2050,0,False,0,,,,CPU FP64,55.39493389823474,"{""cost_scale"": 1.0}"
preset,dtw,0,30,0.6619512195121952,0.6216379664975331,200,2050,0,False,0,,,,CPU FP64,55.39493389823474,"{""cost_scale"": 1.0}"
selected,ldtw,0,1,0.9048780487804878,0.6216379664975331,200,2050,0,False,0,,,,CPU FP64,56.06110674701631,"{""cost_scale"": 1.0}"
selected,ldtw,0,3,0.8951219512195122,0.6216379664975331,200,2050,0,False,0,,,,CPU FP64,56.06110674701631,"{""cost_scale"": 1.0}"
selected,ldtw,0,5,0.8760975609756098,0.6216379664975331,200,2050,0,False,0,,,,CPU FP64,56.06110674701631,"{""cost_scale"": 1.0}"
selected,ldtw,0,7,0.8624390243902439,0.6216379664975331,200,2050,0,False,0,,,,CPU FP64,56.06110674701631,"{""cost_scale"": 1.0}"
selected,ldtw,0,15,0.8029268292682927,0.6216379664975331,200,2050,0,False,0,,,,CPU FP64,56.06110674701631,"{""cost_scale"": 1.0}"
selected,ldtw,0,30,0.6619512195121952,0.6216379664975331,200,2050,0,False,0,,,,CPU FP64,56.06110674701631,"{""cost_scale"": 1.0}"
preset,ldtw,0,1,0.9048780487804878,0.6216379664975331,200,2050,0,False,0,,,,CPU FP64,56.06110674701631,"{""cost_scale"": 1.0}"
preset,ldtw,0,3,0.8951219512195122,0.6216379664975331,200,2050,0,False,0,,,,CPU FP64,56.06110674701631,"{""cost_scale"": 1.0}"
preset,ldtw,0,5,0.8760975609756098,0.6216379664975331,200,2050,0,False,0,,,,CPU FP64,56.06110674701631,"{""cost_scale"": 1.0}"
preset,ldtw,0,7,0.8624390243902439,0.6216379664975331,200,2050,0,False,0,,,,CPU FP64,56.06110674701631,"{""cost_scale"": 1.0}"
preset,ldtw,0,15,0.8029268292682927,0.6216379664975331,200,2050,0,False,0,,,,CPU FP64,56.06110674701631,"{""cost_scale"": 1.0}"
preset,ldtw,0,30,0.6619512195121952,0.6216379664975331,200,2050,0,False,0,,,,CPU FP64,56.06110674701631,"{""cost_scale"": 1.0}"
selected,ndtw,0,1,0.8780487804878049,0.5811176144559185,200,2050,0,False,0,,,,CPU FP64,55.893151921452954,"{""cost_scale"": 1.0}"
selected,ndtw,0,3,0.8678048780487805,0.5811176144559185,200,2050,0,False,0,,,,CPU FP64,55.893151921452954,"{""cost_scale"": 1.0}"
selected,ndtw,0,5,0.8434146341463414,0.5811176144559185,200,2050,0,False,0,,,,CPU FP64,55.893151921452954,"{""cost_scale"": 1.0}"
selected,ndtw,0,7,0.8263414634146341,0.5811176144559185,200,2050,0,False,0,,,,CPU FP64,55.893151921452954,"{""cost_scale"": 1.0}"
selected,ndtw,0,15,0.7580487804878049,0.5811176144559185,200,2050,0,False,0,,,,CPU FP64,55.893151921452954,"{""cost_scale"": 1.0}"
selected,ndtw,0,30,0.6219512195121951,0.5811176144559185,200,2050,0,False,0,,,,CPU FP64,55.893151921452954,"{""cost_scale"": 1.0}"
preset,ndtw,0,1,0.8780487804878049,0.5811176144559185,200,2050,0,False,0,,,,CPU FP64,55.893151921452954,"{""cost_scale"": 1.0}"
preset,ndtw,0,3,0.8678048780487805,0.5811176144559185,200,2050,0,False,0,,,,CPU FP64,55.893151921452954,"{""cost_scale"": 1.0}"
preset,ndtw,0,5,0.8434146341463414,0.5811176144559185,200,2050,0,False,0,,,,CPU FP64,55.893151921452954,"{""cost_scale"": 1.0}"
preset,ndtw,0,7,0.8263414634146341,0.5811176144559185,200,2050,0,False,0,,,,CPU FP64,55.893151921452954,"{""cost_scale"": 1.0}"
preset,ndtw,0,15,0.7580487804878049,0.5811176144559185,200,2050,0,False,0,,,,CPU FP64,55.893151921452954,"{""cost_scale"": 1.0}"
preset,ndtw,0,30,0.6219512195121951,0.5811176144559185,200,2050,0,False,0,,,,CPU FP64,55.893151921452954,"{""cost_scale"": 1.0}"
selected,soft-dtw,4,1,0.9258536585365854,0.6854414819913379,200,2050,0,False,0,,,,CPU FP64,351.6054798383266,"{""cost_scale"": 1.0, ""soft_dtw_gamma"": 1.0}"
selected,soft-dtw,4,3,0.92,0.6854414819913379,200,2050,0,False,0,,,,CPU FP64,351.6054798383266,"{""cost_scale"": 1.0, ""soft_dtw_gamma"": 1.0}"
selected,soft-dtw,4,5,0.9082926829268293,0.6854414819913379,200,2050,0,False,0,,,,CPU FP64,351.6054798383266,"{""cost_scale"": 1.0, ""soft_dtw_gamma"": 1.0}"
selected,soft-dtw,4,7,0.8960975609756098,0.6854414819913379,200,2050,0,False,0,,,,CPU FP64,351.6054798383266,"{""cost_scale"": 1.0, ""soft_dtw_gamma"": 1.0}"
selected,soft-dtw,4,15,0.833170731707317,0.6854414819913379,200,2050,0,False,0,,,,CPU FP64,351.6054798383266,"{""cost_scale"": 1.0, ""soft_dtw_gamma"": 1.0}"
selected,soft-dtw,4,30,0.7068292682926829,0.6854414819913379,200,2050,0,False,0,,,,CPU FP64,351.6054798383266,"{""cost_scale"": 1.0, ""soft_dtw_gamma"": 1.0}"
selected,ot,0,1,0.6048780487804878,0.42260839656283816,200,2050,0,False,0,,,,CPU FP64,57904.828117124736,"{""cost_scale"": 1.0}"
selected,ot,0,3,0.6126829268292683,0.42260839656283816,200,2050,0,False,0,,,,CPU FP64,57904.828117124736,"{""cost_scale"": 1.0}"
selected,ot,0,5,0.6190243902439024,0.42260839656283816,200,2050,0,False,0,,,,CPU FP64,57904.828117124736,"{""cost_scale"": 1.0}"
selected,ot,0,7,0.6180487804878049,0.42260839656283816,200,2050,0,False,0,,,,CPU FP64,57904.828117124736,"{""cost_scale"": 1.0}"
selected,ot,0,15,0.5668292682926829,0.42260839656283816,200,2050,0,False,0,,,,CPU FP64,57904.828117124736,"{""cost_scale"": 1.0}"
selected,ot,0,30,0.4892682926829268,0.42260839656283816,200,2050,0,False,0,,,,CPU FP64,57904.828117124736,"{""cost_scale"": 1.0}"
preset,ot,0,1,0.6048780487804878,0.42260839656283816,200,2050,0,False,0,,,,CPU FP64,57904.828117124736,"{""cost_scale"": 1.0}"
preset,ot,0,3,0.6126829268292683,0.42260839656283816,200,2050,0,False,0,,,,CPU FP64,57904.828117124736,"{""cost_scale"": 1.0}"
preset,ot,0,5,0.6190243902439024,0.42260839656283816,200,2050,0,False,0,,,,CPU FP64,57904.828117124736,"{""cost_scale"": 1.0}"
preset,ot,0,7,0.6180487804878049,0.42260839656283816,200,2050,0,False,0,,,,CPU FP64,57904.828117124736,"{""cost_scale"": 1.0}"
preset,ot,0,15,0.5668292682926829,0.42260839656283816,200,2050,0,False,0,,,,CPU FP64,57904.828117124736,"{""cost_scale"": 1.0}"
preset,ot,0,30,0.4892682926829268,0.42260839656283816,200,2050,0,False,0,,,,CPU FP64,57904.828117124736,"{""cost_scale"": 1.0}"
preset,flash-opw,0,1,0.771219512195122,0.5309785928329331,200,2050,0,True,2,0.0010000281035900116,100.0,300,Flash IEEE FP32,4311.302122382214,"{""cost_scale"": 1.0, ""lambda1"": 1.0, ""lambda2"": 0.1, ""sigma"": 1.0}"
preset,flash-opw,0,3,0.751219512195122,0.5309785928329331,200,2050,0,True,2,0.0010000281035900116,100.0,300,Flash IEEE FP32,4311.302122382214,"{""cost_scale"": 1.0, ""lambda1"": 1.0, ""lambda2"": 0.1, ""sigma"": 1.0}"
preset,flash-opw,0,5,0.7390243902439024,0.5309785928329331,200,2050,0,True,2,0.0010000281035900116,100.0,300,Flash IEEE FP32,4311.302122382214,"{""cost_scale"": 1.0, ""lambda1"": 1.0, ""lambda2"": 0.1, ""sigma"": 1.0}"
preset,flash-opw,0,7,0.7214634146341463,0.5309785928329331,200,2050,0,True,2,0.0010000281035900116,100.0,300,Flash IEEE FP32,4311.302122382214,"{""cost_scale"": 1.0, ""lambda1"": 1.0, ""lambda2"": 0.1, ""sigma"": 1.0}"
preset,flash-opw,0,15,0.6429268292682927,0.5309785928329331,200,2050,0,True,2,0.0010000281035900116,100.0,300,Flash IEEE FP32,4311.302122382214,"{""cost_scale"": 1.0, ""lambda1"": 1.0, ""lambda2"": 0.1, ""sigma"": 1.0}"
preset,flash-opw,0,30,0.5263414634146342,0.5309785928329331,200,2050,0,True,2,0.0010000281035900116,100.0,300,Flash IEEE FP32,4311.302122382214,"{""cost_scale"": 1.0, ""lambda1"": 1.0, ""lambda2"": 0.1, ""sigma"": 1.0}"
preset,opw,0,1,0.9282926829268293,0.7110804375222923,200,2050,0,True,333,0.0020730099640786648,1650.0,4000,dense FP32,18372.23132449179,"{""cost_scale"": 1.0, ""lambda1"": 1.0, ""lambda2"": 0.1, ""sigma"": 1.0}"
preset,opw,0,3,0.9287804878048781,0.7110804375222923,200,2050,0,True,333,0.0020730099640786648,1650.0,4000,dense FP32,18372.23132449179,"{""cost_scale"": 1.0, ""lambda1"": 1.0, ""lambda2"": 0.1, ""sigma"": 1.0}"
preset,opw,0,5,0.922439024390244,0.7110804375222923,200,2050,0,True,333,0.0020730099640786648,1650.0,4000,dense FP32,18372.23132449179,"{""cost_scale"": 1.0, ""lambda1"": 1.0, ""lambda2"": 0.1, ""sigma"": 1.0}"
preset,opw,0,7,0.9141463414634147,0.7110804375222923,200,2050,0,True,333,0.0020730099640786648,1650.0,4000,dense FP32,18372.23132449179,"{""cost_scale"": 1.0, ""lambda1"": 1.0, ""lambda2"": 0.1, ""sigma"": 1.0}"
preset,opw,0,15,0.8639024390243902,0.7110804375222923,200,2050,0,True,333,0.0020730099640786648,1650.0,4000,dense FP32,18372.23132449179,"{""cost_scale"": 1.0, ""lambda1"": 1.0, ""lambda2"": 0.1, ""sigma"": 1.0}"
preset,opw,0,30,0.735609756097561,0.7110804375222923,200,2050,0,True,333,0.0020730099640786648,1650.0,4000,dense FP32,18372.23132449179,"{""cost_scale"": 1.0, ""lambda1"": 1.0, ""lambda2"": 0.1, ""sigma"": 1.0}"
preset,opw-kl,0,1,0.9282926829268293,0.7110967390522243,200,2050,0,True,322,0.002067727968096733,1650.0,4000,dense FP32,22603.053497625748,"{""cost_scale"": 1.0, ""lambda1"": 0.0, ""lambda2"": 0.1, ""sigma"": 1.0}"
preset,opw-kl,0,3,0.9287804878048781,0.7110967390522243,200,2050,0,True,322,0.002067727968096733,1650.0,4000,dense FP32,22603.053497625748,"{""cost_scale"": 1.0, ""lambda1"": 0.0, ""lambda2"": 0.1, ""sigma"": 1.0}"
preset,opw-kl,0,5,0.922439024390244,0.7110967390522243,200,2050,0,True,322,0.002067727968096733,1650.0,4000,dense FP32,22603.053497625748,"{""cost_scale"": 1.0, ""lambda1"": 0.0, ""lambda2"": 0.1, ""sigma"": 1.0}"
preset,opw-kl,0,7,0.9141463414634147,0.7110967390522243,200,2050,0,True,322,0.002067727968096733,1650.0,4000,dense FP32,22603.053497625748,"{""cost_scale"": 1.0, ""lambda1"": 0.0, ""lambda2"": 0.1, ""sigma"": 1.0}"
preset,opw-kl,0,15,0.8639024390243902,0.7110967390522243,200,2050,0,True,322,0.002067727968096733,1650.0,4000,dense FP32,22603.053497625748,"{""cost_scale"": 1.0, ""lambda1"": 0.0, ""lambda2"": 0.1, ""sigma"": 1.0}"
preset,opw-kl,0,30,0.7351219512195122,0.7110967390522243,200,2050,0,True,322,0.002067727968096733,1650.0,4000,dense FP32,22603.053497625748,"{""cost_scale"": 1.0, ""lambda1"": 0.0, ""lambda2"": 0.1, ""sigma"": 1.0}"
preset,sinkhorn,0,1,0.6107317073170732,0.4265146769226823,200,2050,0,True,0,0.0009999950416386127,100.0,300,dense FP32,1076.8252908820286,"{""cost_scale"": 1.0, ""epsilon"": 0.1}"
preset,sinkhorn,0,3,0.6160975609756097,0.4265146769226823,200,2050,0,True,0,0.0009999950416386127,100.0,300,dense FP32,1076.8252908820286,"{""cost_scale"": 1.0, ""epsilon"": 0.1}"
preset,sinkhorn,0,5,0.624390243902439,0.4265146769226823,200,2050,0,True,0,0.0009999950416386127,100.0,300,dense FP32,1076.8252908820286,"{""cost_scale"": 1.0, ""epsilon"": 0.1}"
preset,sinkhorn,0,7,0.6185365853658537,0.4265146769226823,200,2050,0,True,0,0.0009999950416386127,100.0,300,dense FP32,1076.8252908820286,"{""cost_scale"": 1.0, ""epsilon"": 0.1}"
preset,sinkhorn,0,15,0.577560975609756,0.4265146769226823,200,2050,0,True,0,0.0009999950416386127,100.0,300,dense FP32,1076.8252908820286,"{""cost_scale"": 1.0, ""epsilon"": 0.1}"
preset,sinkhorn,0,30,0.4892682926829268,0.4265146769226823,200,2050,0,True,0,0.0009999950416386127,100.0,300,dense FP32,1076.8252908820286,"{""cost_scale"": 1.0, ""epsilon"": 0.1}"
preset,tcot,0,1,0.49414634146341463,0.40497524727280726,200,2050,0,True,0,0.0009911158122122288,50.0,50,dense FP32,415.8453635661863,"{""cost_scale"": 1.0, ""tcot_lambda"": 1.0}"
preset,tcot,0,3,0.5073170731707317,0.40497524727280726,200,2050,0,True,0,0.0009911158122122288,50.0,50,dense FP32,415.8453635661863,"{""cost_scale"": 1.0, ""tcot_lambda"": 1.0}"
preset,tcot,0,5,0.4917073170731707,0.40497524727280726,200,2050,0,True,0,0.0009911158122122288,50.0,50,dense FP32,415.8453635661863,"{""cost_scale"": 1.0, ""tcot_lambda"": 1.0}"
preset,tcot,0,7,0.49560975609756097,0.40497524727280726,200,2050,0,True,0,0.0009911158122122288,50.0,50,dense FP32,415.8453635661863,"{""cost_scale"": 1.0, ""tcot_lambda"": 1.0}"
preset,tcot,0,15,0.4697560975609756,0.40497524727280726,200,2050,0,True,0,0.0009911158122122288,50.0,50,dense FP32,415.8453635661863,"{""cost_scale"": 1.0, ""tcot_lambda"": 1.0}"
preset,tcot,0,30,0.4292682926829268,0.40497524727280726,200,2050,0,True,0,0.0009911158122122288,50.0,50,dense FP32,415.8453635661863,"{""cost_scale"": 1.0, ""tcot_lambda"": 1.0}"
preset,soft-dtw,0,1,0.9136585365853659,0.6475651747536936,200,2050,0,False,0,,,,CPU FP64,366.062234794721,"{""cost_scale"": 1.0, ""soft_dtw_gamma"": 0.1}"
preset,soft-dtw,0,3,0.9009756097560976,0.6475651747536936,200,2050,0,False,0,,,,CPU FP64,366.062234794721,"{""cost_scale"": 1.0, ""soft_dtw_gamma"": 0.1}"
preset,soft-dtw,0,5,0.8868292682926829,0.6475651747536936,200,2050,0,False,0,,,,CPU FP64,366.062234794721,"{""cost_scale"": 1.0, ""soft_dtw_gamma"": 0.1}"
preset,soft-dtw,0,7,0.8731707317073171,0.6475651747536936,200,2050,0,False,0,,,,CPU FP64,366.062234794721,"{""cost_scale"": 1.0, ""soft_dtw_gamma"": 0.1}"
preset,soft-dtw,0,15,0.8248780487804878,0.6475651747536936,200,2050,0,False,0,,,,CPU FP64,366.062234794721,"{""cost_scale"": 1.0, ""soft_dtw_gamma"": 0.1}"
preset,soft-dtw,0,30,0.6726829268292683,0.6475651747536936,200,2050,0,False,0,,,,CPU FP64,366.062234794721,"{""cost_scale"": 1.0, ""soft_dtw_gamma"": 0.1}"
