n,m,d,seed,metric,backend,status,median_ms,min_ms,max_ms,repeats,score,iterations,peak_cuda_extra_bytes,detail
512,640,1,42,dtw,CPU FP64,ok,3.713699999934761,3.6119999995207763,3.8154000003487454,2,0.36183573323728857,,,
512,640,1,42,soft-dtw,CPU FP64,ok,20.04205000002912,19.840200000544428,20.243899999513815,2,-94.7743511546014,,,
512,640,1,42,sinkhorn,CPU FP64,ok,3575.491749999401,2959.7741999996288,4191.209299999173,2,0.039963436168891434,100,,
512,640,1,42,opw,CPU FP64,ok,1974.3661500001508,1876.7062000006263,2072.0260999996754,2,0.15650115249493937,20,,
512,640,1,43,dtw,CPU FP64,ok,11.636499999895022,9.94280000031722,13.330199999472825,2,0.3890225912875323,,,
512,640,1,43,soft-dtw,CPU FP64,ok,53.967399999692134,52.051399999982095,55.88339999940217,2,-95.09405755283754,,,
512,640,1,43,sinkhorn,CPU FP64,ok,5493.932400000176,5395.292500000323,5592.572300000029,2,0.04221595738974983,100,,
512,640,1,43,opw,CPU FP64,ok,1677.8691499998786,1638.1292999994912,1717.609000000266,2,0.12146891347021062,20,,
512,640,13,42,dtw,CPU FP64,ok,10.55034999990312,7.925599999907718,13.17509999989852,2,1.041915885767267,,,
512,640,13,42,soft-dtw,CPU FP64,ok,32.62765000044965,30.923600000278384,34.33170000062091,2,-94.72146119789448,,,
512,640,13,42,sinkhorn,CPU FP64,ok,6686.2961499996345,5871.084699999301,7501.507599999968,2,0.08190188748786056,100,,
512,640,13,42,opw,CPU FP64,ok,2424.9920999995993,2336.5906999997605,2513.393499999438,2,0.12457643118709158,20,,
512,640,13,43,dtw,CPU FP64,ok,4.928950000248733,4.664300000513322,5.193599999984144,2,1.0381876172868527,,,
512,640,13,43,soft-dtw,CPU FP64,ok,20.111899999392335,19.88779999919643,20.33599999958824,2,-95.11773396486298,,,
512,640,13,43,sinkhorn,CPU FP64,ok,4698.368949999804,4390.947199999573,5005.790700000034,2,0.0739059981425949,100,,
512,640,13,43,opw,CPU FP64,ok,1245.4743500002223,1030.240699999922,1460.7080000005226,2,0.09748778994512336,20,,
1024,1280,1,42,dtw,CPU FP64,ok,27.02275000001464,26.46880000065721,27.576699999372067,2,0.6992031524091982,,,
1024,1280,1,42,soft-dtw,CPU FP64,ok,89.33505000004516,87.69920000031561,90.9708999997747,2,-193.0985613556593,,,
1024,1280,1,42,sinkhorn,CPU FP64,timeout,,,,0,,100,,CPU warmup + 2 repeats exceeded 45s
1024,1280,1,42,opw,CPU FP64,ok,5794.9367000001075,5058.621700000003,6531.251700000212,2,0.1614159259598341,20,,
1024,1280,1,43,dtw,CPU FP64,ok,12.667399999827467,12.48459999987972,12.850199999775214,2,0.7097853046531597,,,
1024,1280,1,43,soft-dtw,CPU FP64,ok,97.63789999988148,73.09540000005654,122.18039999970642,2,-193.46454869823737,,,
1024,1280,1,43,sinkhorn,CPU FP64,ok,13143.665449999844,12029.582999999548,14257.74790000014,2,0.04215300572704069,100,,
1024,1280,1,43,opw,CPU FP64,ok,4024.379500000123,3855.9263000006467,4192.832699999599,2,0.12615816807637104,20,,
1024,1280,13,42,dtw,CPU FP64,ok,35.883799999737676,33.70360000008077,38.06399999939458,2,1.9927301000723503,,,
1024,1280,13,42,soft-dtw,CPU FP64,ok,151.1466499996459,126.97769999977027,175.3155999995215,2,-193.06064363765537,,,
1024,1280,13,42,sinkhorn,CPU FP64,timeout,,,,0,,100,,CPU warmup + 2 repeats exceeded 45s
1024,1280,13,42,opw,CPU FP64,ok,5578.915550000147,5358.830900000612,5799.000199999682,2,0.12590462275273406,20,,
1024,1280,13,43,dtw,CPU FP64,ok,32.72949999973207,31.55129999959172,33.90769999987242,2,2.004359163469085,,,
1024,1280,13,43,soft-dtw,CPU FP64,ok,147.5215999998909,144.08749999984138,150.9556999999404,2,-193.4842508374193,,,
1024,1280,13,43,sinkhorn,CPU FP64,timeout,,,,0,,100,,CPU warmup + 2 repeats exceeded 45s
1024,1280,13,43,opw,CPU FP64,ok,6315.980500000023,5710.365799999636,6921.595200000411,2,0.09793778125065195,20,,
2048,2560,1,42,dtw,CPU FP64,ok,79.94564999989962,79.25729999988107,80.63399999991816,2,1.1765135750268136,,,
2048,2560,1,42,soft-dtw,CPU FP64,ok,535.8366999998907,452.1568999998635,619.5164999999179,2,-389.98291639566696,,,
2048,2560,1,42,sinkhorn,CPU FP64,timeout,,,,0,,100,,CPU warmup + 2 repeats exceeded 45s
2048,2560,1,42,opw,CPU FP64,timeout,,,,0,,20,,CPU warmup + 2 repeats exceeded 45s
2048,2560,1,43,dtw,CPU FP64,ok,56.821449999915785,56.79809999946883,56.84480000036274,2,1.166616046715591,,,
2048,2560,1,43,soft-dtw,CPU FP64,ok,345.6750500004091,337.1437000005244,354.2064000002938,2,-390.27122093298357,,,
2048,2560,1,43,sinkhorn,CPU FP64,timeout,,,,0,,100,,CPU warmup + 2 repeats exceeded 45s
2048,2560,1,43,opw,CPU FP64,timeout,,,,0,,20,,CPU warmup + 2 repeats exceeded 45s
2048,2560,13,42,dtw,CPU FP64,ok,111.55905000032362,103.57939999994414,119.5387000007031,2,3.8392737703792834,,,
2048,2560,13,42,soft-dtw,CPU FP64,ok,475.46949999969,465.79599999950005,485.14299999988,2,-389.79843101761696,,,
2048,2560,13,42,sinkhorn,CPU FP64,timeout,,,,0,,100,,CPU warmup + 2 repeats exceeded 45s
2048,2560,13,42,opw,CPU FP64,timeout,,,,0,,20,,CPU warmup + 2 repeats exceeded 45s
2048,2560,13,43,dtw,CPU FP64,ok,120.61995000021852,119.60720000024594,121.63270000019111,2,3.823861615698511,,,
2048,2560,13,43,soft-dtw,CPU FP64,ok,871.0886500002744,826.2866000004578,915.8907000000909,2,-390.26004961620373,,,
2048,2560,13,43,sinkhorn,CPU FP64,timeout,,,,0,,100,,CPU warmup + 2 repeats exceeded 45s
2048,2560,13,43,opw,CPU FP64,timeout,,,,0,,20,,CPU warmup + 2 repeats exceeded 45s
