profile,backend,iterations,max_marginal_l1,median_marginal_l1,p95_marginal_l1,reached_1e-3,reached_1e-4,score_drift_vs_last,nn_agreement_vs_last
default,CPU FP64,20,0.03759805621127689,0.010761297558678891,0.027069970285475208,0.0,0.0,0.008280131536989144,1.0
default,CPU FP64,100,0.004915237038015228,0.00023273502202965195,0.001475845326970664,0.8973214285714286,0.20982142857142858,0.00022795504330219707,1.0
default,CPU FP64,200,0.00038977936689071034,4.242323521259483e-06,0.000134452707217215,1.0,0.9330357142857143,9.468705112758435e-06,1.0
default,CPU FP64,500,8.535227042542198e-05,5.0181197738807803e-11,1.0351400344033103e-06,1.0,1.0,2.1107741539072578e-06,1.0
default,CPU FP64,1000,3.676304809854987e-05,4.536301889679351e-16,1.8431313043507006e-09,1.0,1.0,8.017932174864129e-07,1.0
default,CPU FP64,2000,1.9261413416060517e-05,4.462576141950336e-16,1.2989305811505953e-14,1.0,1.0,0.0,1.0
tuned,CPU FP64,20,0.07996985175226974,0.03521596426897741,0.06052620388868911,0.0,0.0,0.03744740448999184,0.9285714285714286
tuned,CPU FP64,100,0.021056598665743775,0.00567703573411373,0.017311752901350723,0.004464285714285714,0.0,0.0052710266740404466,1.0
tuned,CPU FP64,200,0.012851309831399281,0.0022120991089335336,0.0075767037718133924,0.24107142857142858,0.004464285714285714,0.0018070125520704972,1.0
tuned,CPU FP64,500,0.0018942154144688935,0.00018417404755716486,0.000789066480907312,0.9732142857142857,0.32142857142857145,7.610237820254717e-05,1.0
tuned,CPU FP64,1000,0.00027433159017821885,3.1480992080260353e-06,5.219617681488266e-05,1.0,0.9866071428571429,8.596827216655889e-06,1.0
tuned,CPU FP64,2000,7.220337847574105e-05,1.1341249593101177e-09,7.970032328965654e-06,1.0,1.0,0.0,1.0
