profile,left,right,priority,queries,delta_MAP_pp,map_difference_ci95_pp,delta_ACC1_pp,both_correct,left_only_correct,right_only_correct,both_wrong,mcnemar_exact_two_sided_p,bootstrap_resamples,bootstrap_seed,bootstrap_method,mcnemar_holm_p,holm_family_size,convergence_valid
selected,flash-opw,opw,primary,2050,3.36924224549324,"[3.0083113968634, 3.728916030950511]",2.536585365853661,1813,78,26,133,3.277703497138628e-07,10000,20261007,paired query percentile; fixed gallery/parameters; unadjusted 95% CI,1.6388517485693141e-06,10,False
selected,flash-opw,tlp,primary,2050,-0.4862583893353668,"[-0.6146972548087041, -0.3571675339134309]",-0.09756097560975618,1878,13,15,144,0.8505540192127228,10000,20261007,paired query percentile; fixed gallery/parameters; unadjusted 95% CI,1.0,10,False
selected,flash-opw,opw-kl,secondary,2050,3.442328768971125,"[3.0800712745709733, 3.808580882245771]",2.585365853658539,1812,79,26,133,2.1658526170134643e-07,10000,20261007,paired query percentile; fixed gallery/parameters; unadjusted 95% CI,1.2995115702080786e-06,10,False
selected,flash-opw,sinkhorn,secondary,2050,27.638813346171382,"[26.63559993735544, 28.65354080028376]",31.512195121951226,1219,672,26,133,2.1334130093584047e-163,10000,20261007,paired query percentile; fixed gallery/parameters; unadjusted 95% CI,1.9200717084225644e-162,10,False
selected,flash-opw,tcot,secondary,2050,24.47526778899661,"[23.53370568676532, 25.437244726335262]",28.292682926829272,1279,612,32,127,3.8463730035318886e-140,10000,20261007,paired query percentile; fixed gallery/parameters; unadjusted 95% CI,3.077098402825511e-139,10,False
selected,flash-opw,dtw,secondary,2050,7.781857788637297,"[6.974806296313393, 8.594318716590298]",1.7560975609756113,1790,101,65,94,0.006423062145238216,10000,20261007,paired query percentile; fixed gallery/parameters; unadjusted 95% CI,0.025692248580952863,10,False
selected,flash-opw,ldtw,secondary,2050,7.781857788637297,"[6.974806296313393, 8.594318716590298]",1.7560975609756113,1790,101,65,94,0.006423062145238216,10000,20261007,paired query percentile; fixed gallery/parameters; unadjusted 95% CI,0.025692248580952863,10,False
selected,flash-opw,ndtw,secondary,2050,11.833892992798749,"[10.960534298429819, 12.718935046233915]",4.439024390243906,1744,147,56,103,1.3134235851688271e-10,10000,20261007,paired query percentile; fixed gallery/parameters; unadjusted 95% CI,9.19396509618179e-10,10,False
selected,flash-opw,soft-dtw,secondary,2050,1.4015062392568163,"[0.6501800518418439, 2.185198429299462]",-0.34146341463414664,1811,80,87,72,0.6425688093388633,10000,20261007,paired query percentile; fixed gallery/parameters; unadjusted 95% CI,1.0,10,False
selected,flash-opw,ot,secondary,2050,27.6848147821068,"[26.68168342263116, 28.697745019694004]",31.756097560975615,1214,677,26,133,8.051342103782858e-165,10000,20261007,paired query percentile; fixed gallery/parameters; unadjusted 95% CI,8.051342103782858e-164,10,False
preset,flash-opw,opw,primary,2050,-18.010184468935904,"[-18.83039346949051, -17.191073763819617]",-15.707317073170735,1548,33,355,114,2.679318218186578e-69,10000,20261007,paired query percentile; fixed gallery/parameters; unadjusted 95% CI,2.4113863963679204e-68,10,False
preset,flash-opw,tlp,primary,2050,-17.334053544432656,"[-18.09335043313041, -16.56197286349703]",-15.219512195121954,1547,34,346,123,3.4344491548567406e-66,10000,20261007,paired query percentile; fixed gallery/parameters; unadjusted 95% CI,2.4041144083997185e-65,10,False
preset,flash-opw,opw-kl,secondary,2050,-18.011814621929105,"[-18.831342384433242, -17.193217399812593]",-15.707317073170735,1548,33,355,114,2.679318218186578e-69,10000,20261007,paired query percentile; fixed gallery/parameters; unadjusted 95% CI,2.4113863963679204e-68,10,False
preset,flash-opw,sinkhorn,secondary,2050,10.446391591025089,"[9.799940536584868, 11.099050897628949]",16.04878048780488,1180,401,72,397,2.124672596163259e-56,10000,20261007,paired query percentile; fixed gallery/parameters; unadjusted 95% CI,1.0623362980816296e-55,10,False
preset,flash-opw,tcot,secondary,2050,12.60033455601259,"[11.924576343314076, 13.293089894038342]",27.707317073170735,969,612,44,425,5.4475614193774604e-129,10000,20261007,paired query percentile; fixed gallery/parameters; unadjusted 95% CI,5.44756141937746e-128,10,False
preset,flash-opw,dtw,secondary,2050,-9.065937366459993,"[-9.979574955060242, -8.151229942906768]",-13.365853658536587,1519,62,336,133,1.2446293473497927e-46,10000,20261007,paired query percentile; fixed gallery/parameters; unadjusted 95% CI,3.733888042049378e-46,10,False
preset,flash-opw,ldtw,secondary,2050,-9.065937366459993,"[-9.979574955060242, -8.151229942906768]",-13.365853658536587,1519,62,336,133,1.2446293473497927e-46,10000,20261007,paired query percentile; fixed gallery/parameters; unadjusted 95% CI,3.733888042049378e-46,10,False
preset,flash-opw,ndtw,secondary,2050,-5.013902162298542,"[-5.956498553377969, -4.073798942292971]",-10.682926829268292,1485,96,315,154,2.655409421487521e-28,10000,20261007,paired query percentile; fixed gallery/parameters; unadjusted 95% CI,2.655409421487521e-28,10,False
preset,flash-opw,soft-dtw,secondary,2050,-11.658658192076038,"[-12.561290374936984, -10.766137534163299]",-14.243902439024392,1529,52,344,125,6.540138963001584e-54,10000,20261007,paired query percentile; fixed gallery/parameters; unadjusted 95% CI,2.6160555852006336e-53,10,False
preset,flash-opw,ot,secondary,2050,10.837019627009504,"[10.183868896578643, 11.503988296996937]",16.634146341463417,1169,412,71,398,1.8361676669037695e-59,10000,20261007,paired query percentile; fixed gallery/parameters; unadjusted 95% CI,1.1017006001422616e-58,10,False
